{
    "rmse": 0.671478705798281,
    "mae": 0.533781799781615,
    "r2": 0.3339422184774814
}